{
  "created_at": "2026-03-17T10:41:19",
  "data_path": "D:\\semester-4-IT Del\\Semester VI\\UI-UX DESIGN\\Scrapping_Data\\Merged_Excel\\dataset_labeled.xlsx",
  "model_path": "D:\\semester-4-IT Del\\Semester VI\\UI-UX DESIGN\\Scrapping_Data\\model_artifacts\\sentiment_model.joblib",
  "vectorizer_path": "D:\\semester-4-IT Del\\Semester VI\\UI-UX DESIGN\\Scrapping_Data\\model_artifacts\\tfidf_vectorizer.joblib",
  "best_model": "logistic_regression_balanced",
  "selection_metric": "macro_f1_then_negative_recall_then_accuracy",
  "refit_on_full_data": true,
  "label_order": [
    "negatif",
    "netral",
    "positif"
  ],
  "rows_after_preprocessing": 379,
  "train_rows": 303,
  "test_rows": 76,
  "metrics": {
    "naive_bayes": {
      "accuracy": 0.8157894736842105,
      "macro_f1": 0.7108016481510457,
      "negative_recall": 0.2727272727272727,
      "classification_report": {
        "negatif": {
          "precision": 1.0,
          "recall": 0.2727272727272727,
          "f1-score": 0.42857142857142855,
          "support": 11.0
        },
        "netral": {
          "precision": 0.8846153846153846,
          "recall": 0.7931034482758621,
          "f1-score": 0.8363636363636363,
          "support": 29.0
        },
        "positif": {
          "precision": 0.7659574468085106,
          "recall": 1.0,
          "f1-score": 0.8674698795180723,
          "support": 36.0
        },
        "accuracy": 0.8157894736842105,
        "macro avg": {
          "precision": 0.8835242771412984,
          "recall": 0.6886102403343782,
          "f1-score": 0.7108016481510457,
          "support": 76.0
        },
        "weighted avg": {
          "precision": 0.8451093978809544,
          "recall": 0.8157894736842105,
          "f1-score": 0.7920756162037076,
          "support": 76.0
        }
      },
      "confusion_matrix": [
        [
          3,
          3,
          5
        ],
        [
          0,
          23,
          6
        ],
        [
          0,
          0,
          36
        ]
      ]
    },
    "logistic_regression": {
      "accuracy": 0.8289473684210527,
      "macro_f1": 0.7515579071134626,
      "negative_recall": 0.36363636363636365,
      "classification_report": {
        "negatif": {
          "precision": 1.0,
          "recall": 0.36363636363636365,
          "f1-score": 0.5333333333333333,
          "support": 11.0
        },
        "netral": {
          "precision": 0.8888888888888888,
          "recall": 0.8275862068965517,
          "f1-score": 0.8571428571428571,
          "support": 29.0
        },
        "positif": {
          "precision": 0.7777777777777778,
          "recall": 0.9722222222222222,
          "f1-score": 0.8641975308641975,
          "support": 36.0
        },
        "accuracy": 0.8289473684210527,
        "macro avg": {
          "precision": 0.8888888888888888,
          "recall": 0.7211482642517125,
          "f1-score": 0.7515579071134626,
          "support": 76.0
        },
        "weighted avg": {
          "precision": 0.8523391812865496,
          "recall": 0.8289473684210527,
          "f1-score": 0.8136173767752716,
          "support": 76.0
        }
      },
      "confusion_matrix": [
        [
          4,
          2,
          5
        ],
        [
          0,
          24,
          5
        ],
        [
          0,
          1,
          35
        ]
      ]
    },
    "logistic_regression_balanced": {
      "accuracy": 0.9210526315789473,
      "macro_f1": 0.9275081643502695,
      "negative_recall": 0.9090909090909091,
      "classification_report": {
        "negatif": {
          "precision": 1.0,
          "recall": 0.9090909090909091,
          "f1-score": 0.9523809523809523,
          "support": 11.0
        },
        "netral": {
          "precision": 0.9615384615384616,
          "recall": 0.8620689655172413,
          "f1-score": 0.9090909090909091,
          "support": 29.0
        },
        "positif": {
          "precision": 0.875,
          "recall": 0.9722222222222222,
          "f1-score": 0.9210526315789473,
          "support": 36.0
        },
        "accuracy": 0.9210526315789473,
        "macro avg": {
          "precision": 0.9455128205128206,
          "recall": 0.9144606989434575,
          "f1-score": 0.9275081643502695,
          "support": 76.0
        },
        "weighted avg": {
          "precision": 0.9261133603238867,
          "recall": 0.9210526315789473,
          "f1-score": 0.9210226523245912,
          "support": 76.0
        }
      },
      "confusion_matrix": [
        [
          10,
          0,
          1
        ],
        [
          0,
          25,
          4
        ],
        [
          0,
          1,
          35
        ]
      ]
    }
  }
}